,keywords,number_of_times_word_appeared,tf,idf,tf_idf
253,in,369,0.014898857350506722,-5.910796644040527,-0.08806411602741367
524,re,258,0.010417087253199822,-5.552959584921617,-0.05784566450962076
258,at,247,0.009972947874187427,-5.5093883366279774,-0.054944842699846994
754,on,243,0.009811442645455647,-5.493061443340548,-0.0538948572992996
549,the,203,0.008196390358137845,-5.313205979041787,-0.04354911025741846
717,an,199,0.008034885129406064,-5.293304824724492,-0.04253109622159219
500,to,190,0.007671498364759559,-5.247024072160486,-0.04025253658943321
708,or,167,0.006742843299551823,-5.117993812416755,-0.034509830285202006
90,as,157,0.006339080227722373,-5.056245805348308,-0.03205194781118764
701,java,135,0.005450801469697581,-4.90527477843843,-0.02673767897158267
539,it,122,0.004925909476319296,-4.804021044733257,-0.023664172788688872
554,is,110,0.004441393790123955,-4.700480365792417,-0.020876684307230015
673,int,104,0.004199135947026285,-4.6443908991413725,-0.01950242877662627
584,all,88,0.0035531150320991644,-4.477336814478207,-0.015908492739293505
751,of,75,0.0030282230387208785,-4.31748811353631,-0.013074316974814199
655,and,71,0.0028667178099890983,-4.2626798770413155,-0.012219900321796479
534,no,70,0.0028263415028061535,-4.248495242049359,-0.01200769842707858
852,com,67,0.002705212581257318,-4.204692619390966,-0.011374587374296228
92,for,65,0.002624459966891428,-4.174387269895637,-0.010955512276142302
926,data,62,0.002503331045342593,-4.127134385045092,-0.01033158363438429
638,are,60,0.002422578430976703,-4.0943445622221,-0.009918870825426012
555,applet,57,0.0023014495094278676,-4.04305126783455,-0.009304878356949544
716,obj,56,0.002261073202244923,-4.02535169073515,-0.009101614837532539
629,hi,56,0.002261073202244923,-4.02535169073515,-0.009101614837532539
480,but,55,0.0022206968950619775,-4.007333185232471,-0.008899072361924573
553,you,54,0.0021803205878790327,-3.9889840465642745,-0.008697264041445102
375,object,53,0.0021399442806960874,-3.970291913552122,-0.008496203473099788
53,new,52,0.0020995679735131426,-3.951243718581427,-0.008295904767078541
113,basic,50,0.0020188153591472525,-3.912023005428146,-0.007897652128695736
597,basics,49,0.0019784390519643072,-3.891820298110627,-0.007699729261009436
428,button,48,0.0019380627447813624,-3.871201010907891,-0.007502630456800532
720,be,46,0.0018573101304154723,-3.828641396489095,-0.0071109744514272375
136,code,44,0.0017765575160495822,-3.784189633918261,-0.006722830536294404
301,class,43,0.0017361812088666371,-3.7612001156935624,-0.006530124963654184
466,id,41,0.001655428594500747,-3.713572066704308,-0.006147553386961547
909,not,41,0.001655428594500747,-3.713572066704308,-0.006147553386961547
848,method,39,0.001574675980134857,-3.6635616461296463,-0.0057689225259036706
924,do,34,0.0013727944442201317,-3.5263605246161616,-0.0048409681365102555
193,array,34,0.0013727944442201317,-3.5263605246161616,-0.0048409681365102555
138,by,33,0.0013324181370371866,-3.4965075614664802,-0.0046588100911856035
115,use,32,0.0012920418298542416,-3.4657359027997265,-0.004477875757644901
687,string,32,0.0012920418298542416,-3.4657359027997265,-0.004477875757644901
372,that,30,0.0012112892154883515,-3.4011973816621555,-0.004119833708154588
837,if,30,0.0012112892154883515,-3.4011973816621555,-0.004119833708154588
475,iv,30,0.0012112892154883515,-3.4011973816621555,-0.004119833708154588
817,your,28,0.0011305366011224614,-3.332204510175204,-0.003767179161178411
139,call,27,0.0010901602939395163,-3.295836866004329,-0.003592990486619974
615,objects,26,0.0010497839867565713,-3.258096538021482,-0.0034202975729219743
512,type,26,0.0010497839867565713,-3.258096538021482,-0.0034202975729219743
659,serve,25,0.0010094076795736262,-3.2188758248682006,-0.0032491579772158524
272,point,24,0.0009690313723906812,-3.1780538303479458,-0.003079633864753531
679,public,24,0.0009690313723906812,-3.1780538303479458,-0.003079633864753531
399,reserve,24,0.0009690313723906812,-3.1780538303479458,-0.003079633864753531
488,right,24,0.0009690313723906812,-3.1780538303479458,-0.003079633864753531
637,this,24,0.0009690313723906812,-3.1780538303479458,-0.003079633864753531
36,jguru,23,0.0009286550652077361,-3.1354942159291497,-0.002911792585552164
386,program,23,0.0009286550652077361,-3.1354942159291497,-0.002911792585552164
902,reserved,23,0.0009286550652077361,-3.1354942159291497,-0.002911792585552164
581,rights,23,0.0009286550652077361,-3.1354942159291497,-0.002911792585552164
134,refer,22,0.0008882787580247911,-3.0910424533583156,-0.002745707351471028
26,example,22,0.0008882787580247911,-3.0910424533583156,-0.002745707351471028
218,init,22,0.0008882787580247911,-3.0910424533583156,-0.002745707351471028
28,comment,20,0.000807526143658901,-2.995732273553991,-0.002419132130297566
811,pre,19,0.000767149836475956,-2.9444389791664407,-0.0022588258813809655
927,one,19,0.000767149836475956,-2.9444389791664407,-0.0022588258813809655
252,allocate,19,0.000767149836475956,-2.9444389791664407,-0.0022588258813809655
352,pointer,18,0.0007267735292930109,-2.890371757896165,-0.00210064568345504
522,here,18,0.0007267735292930109,-2.890371757896165,-0.00210064568345504
62,so,18,0.0007267735292930109,-2.890371757896165,-0.00210064568345504
882,param,18,0.0007267735292930109,-2.890371757896165,-0.00210064568345504
346,we,18,0.0007267735292930109,-2.890371757896165,-0.00210064568345504
227,null,17,0.0006863972221100658,-2.833213344056216,-0.001944709769005357
503,ack,17,0.0006863972221100658,-2.833213344056216,-0.001944709769005357
566,const,16,0.0006460209149271208,-2.772588722239781,-0.0017911503030579603
879,return,16,0.0006460209149271208,-2.772588722239781,-0.0017911503030579603
851,define,16,0.0006460209149271208,-2.772588722239781,-0.0017911503030579603
366,types,15,0.0006056446077441757,-2.70805020110221,-0.0016401160017980843
591,memory,15,0.0006056446077441757,-2.70805020110221,-0.0016401160017980843
296,ok,15,0.0006056446077441757,-2.70805020110221,-0.0016401160017980843
439,application,15,0.0006056446077441757,-2.70805020110221,-0.0016401160017980843
599,language,15,0.0006056446077441757,-2.70805020110221,-0.0016401160017980843
808,void,15,0.0006056446077441757,-2.70805020110221,-0.0016401160017980843
551,port,15,0.0006056446077441757,-2.70805020110221,-0.0016401160017980843
804,reference,14,0.0005652683005612307,-2.639057329615259,-0.001491775451795277
878,expr,14,0.0005652683005612307,-2.639057329615259,-0.001491775451795277
419,name,14,0.0005652683005612307,-2.639057329615259,-0.001491775451795277
485,primitive,14,0.0005652683005612307,-2.639057329615259,-0.001491775451795277
484,parameter,14,0.0005652683005612307,-2.639057329615259,-0.001491775451795277
895,comments,14,0.0005652683005612307,-2.639057329615259,-0.001491775451795277
371,system,14,0.0005652683005612307,-2.639057329615259,-0.001491775451795277
400,ten,14,0.0005652683005612307,-2.639057329615259,-0.001491775451795277
96,element,13,0.0005248919933782856,-2.5649493574615367,-0.001346321381152339
437,variable,13,0.0005248919933782856,-2.5649493574615367,-0.001346321381152339
154,can,13,0.0005248919933782856,-2.5649493574615367,-0.001346321381152339
374,run,13,0.0005248919933782856,-2.5649493574615367,-0.001346321381152339
604,make,13,0.0005248919933782856,-2.5649493574615367,-0.001346321381152339
779,operator,13,0.0005248919933782856,-2.5649493574615367,-0.001346321381152339
281,time,12,0.0004845156861953406,-2.4849066497880004,-0.001203976250553398
889,with,12,0.0004845156861953406,-2.4849066497880004,-0.001203976250553398
693,may,12,0.0004845156861953406,-2.4849066497880004,-0.001203976250553398
725,browser,12,0.0004845156861953406,-2.4849066497880004,-0.001203976250553398
907,has,12,0.0004845156861953406,-2.4849066497880004,-0.001203976250553398
925,value,12,0.0004845156861953406,-2.4849066497880004,-0.001203976250553398
24,out,12,0.0004845156861953406,-2.4849066497880004,-0.001203976250553398
249,up,11,0.00044413937901239555,-2.3978952727983707,-0.0010649997173974271
741,garbage,11,0.00044413937901239555,-2.3978952727983707,-0.0010649997173974271
753,any,11,0.00044413937901239555,-2.3978952727983707,-0.0010649997173974271
425,end,11,0.00044413937901239555,-2.3978952727983707,-0.0010649997173974271
628,state,11,0.00044413937901239555,-2.3978952727983707,-0.0010649997173974271
336,there,11,0.00044413937901239555,-2.3978952727983707,-0.0010649997173974271
302,form,11,0.00044413937901239555,-2.3978952727983707,-0.0010649997173974271
866,methods,11,0.00044413937901239555,-2.3978952727983707,-0.0010649997173974271
166,basicsjava,11,0.00044413937901239555,-2.3978952727983707,-0.0010649997173974271
738,two,10,0.0004037630718294505,-2.3025850929940455,-0.0009296988302959767
443,runtime,10,0.0004037630718294505,-2.3025850929940455,-0.0009296988302959767
711,these,10,0.0004037630718294505,-2.3025850929940455,-0.0009296988302959767
69,following,10,0.0004037630718294505,-2.3025850929940455,-0.0009296988302959767
421,file,10,0.0004037630718294505,-2.3025850929940455,-0.0009296988302959767
598,defined,10,0.0004037630718294505,-2.3025850929940455,-0.0009296988302959767
648,same,10,0.0004037630718294505,-2.3025850929940455,-0.0009296988302959767
517,applets,10,0.0004037630718294505,-2.3025850929940455,-0.0009296988302959767
238,would,10,0.0004037630718294505,-2.3025850929940455,-0.0009296988302959767
284,constant,10,0.0004037630718294505,-2.3025850929940455,-0.0009296988302959767
285,stack,10,0.0004037630718294505,-2.3025850929940455,-0.0009296988302959767
298,when,9,0.00036338676464650545,-2.1972245773362196,-0.0007984423303599943
199,ill,9,0.00036338676464650545,-2.1972245773362196,-0.0007984423303599943
828,statement,9,0.00036338676464650545,-2.1972245773362196,-0.0007984423303599943
819,how,9,0.00036338676464650545,-2.1972245773362196,-0.0007984423303599943
541,bit,9,0.00036338676464650545,-2.1972245773362196,-0.0007984423303599943
544,byte,9,0.00036338676464650545,-2.1972245773362196,-0.0007984423303599943
786,boolean,9,0.00036338676464650545,-2.1972245773362196,-0.0007984423303599943
228,applications,9,0.00036338676464650545,-2.1972245773362196,-0.0007984423303599943
382,does,9,0.00036338676464650545,-2.1972245773362196,-0.0007984423303599943
361,main,9,0.00036338676464650545,-2.1972245773362196,-0.0007984423303599943
445,have,9,0.00036338676464650545,-2.1972245773362196,-0.0007984423303599943
110,called,9,0.00036338676464650545,-2.1972245773362196,-0.0007984423303599943
568,collection,9,0.00036338676464650545,-2.1972245773362196,-0.0007984423303599943
167,definition,8,0.0003230104574635604,-2.0794415416798357,-0.000671681363646735
931,cause,8,0.0003230104574635604,-2.0794415416798357,-0.000671681363646735
162,size,8,0.0003230104574635604,-2.0794415416798357,-0.000671681363646735
179,variables,8,0.0003230104574635604,-2.0794415416798357,-0.000671681363646735
80,create,8,0.0003230104574635604,-2.0794415416798357,-0.000671681363646735
471,programs,8,0.0003230104574635604,-2.0794415416798357,-0.000671681363646735
726,source,8,0.0003230104574635604,-2.0794415416798357,-0.000671681363646735
860,ints,8,0.0003230104574635604,-2.0794415416798357,-0.000671681363646735
343,style,8,0.0003230104574635604,-2.0794415416798357,-0.000671681363646735
55,such,8,0.0003230104574635604,-2.0794415416798357,-0.000671681363646735
532,table,7,0.00028263415028061535,-1.9459101490553135,-0.000549980661500674
916,arrays,7,0.00028263415028061535,-1.9459101490553135,-0.000549980661500674
378,bits,7,0.00028263415028061535,-1.9459101490553135,-0.000549980661500674
557,parameters,7,0.00028263415028061535,-1.9459101490553135,-0.000549980661500674
231,struct,7,0.00028263415028061535,-1.9459101490553135,-0.000549980661500674
314,inc,7,0.00028263415028061535,-1.9459101490553135,-0.000549980661500674
152,pointers,7,0.00028263415028061535,-1.9459101490553135,-0.000549980661500674
710,foo,7,0.00028263415028061535,-1.9459101490553135,-0.000549980661500674
713,instance,7,0.00028263415028061535,-1.9459101490553135,-0.000549980661500674
195,draw,7,0.00028263415028061535,-1.9459101490553135,-0.000549980661500674
429,contain,7,0.00028263415028061535,-1.9459101490553135,-0.000549980661500674
194,args,7,0.00028263415028061535,-1.9459101490553135,-0.000549980661500674
922,literal,7,0.00028263415028061535,-1.9459101490553135,-0.000549980661500674
780,via,7,0.00028263415028061535,-1.9459101490553135,-0.000549980661500674
650,calloc,6,0.0002422578430976703,-1.791759469228055,-0.00043406778436501516
202,equivalent,6,0.0002422578430976703,-1.791759469228055,-0.00043406778436501516
21,exception,6,0.0002422578430976703,-1.791759469228055,-0.00043406778436501516
263,width,6,0.0002422578430976703,-1.791759469228055,-0.00043406778436501516
250,execute,6,0.0002422578430976703,-1.791759469228055,-0.00043406778436501516
807,semantics,6,0.0002422578430976703,-1.791759469228055,-0.00043406778436501516
426,note,6,0.0002422578430976703,-1.791759469228055,-0.00043406778436501516
670,equal,6,0.0002422578430976703,-1.791759469228055,-0.00043406778436501516
101,test,6,0.0002422578430976703,-1.791759469228055,-0.00043406778436501516
216,portable,6,0.0002422578430976703,-1.791759469228055,-0.00043406778436501516
622,from,6,0.0002422578430976703,-1.791759469228055,-0.00043406778436501516
587,statements,6,0.0002422578430976703,-1.791759469228055,-0.00043406778436501516
214,they,6,0.0002422578430976703,-1.791759469228055,-0.00043406778436501516
338,version,6,0.0002422578430976703,-1.791759469228055,-0.00043406778436501516
316,integer,6,0.0002422578430976703,-1.791759469228055,-0.00043406778436501516
858,heap,6,0.0002422578430976703,-1.791759469228055,-0.00043406778436501516
127,automatic,6,0.0002422578430976703,-1.791759469228055,-0.00043406778436501516
531,sizeof,6,0.0002422578430976703,-1.791759469228055,-0.00043406778436501516
665,thread,6,0.0002422578430976703,-1.791759469228055,-0.00043406778436501516
130,true,6,0.0002422578430976703,-1.791759469228055,-0.00043406778436501516
396,trivial,6,0.0002422578430976703,-1.791759469228055,-0.00043406778436501516
930,strings,6,0.0002422578430976703,-1.791759469228055,-0.00043406778436501516
849,nor,6,0.0002422578430976703,-1.791759469228055,-0.00043406778436501516
588,need,6,0.0002422578430976703,-1.791759469228055,-0.00043406778436501516
89,predefined,5,0.00020188153591472525,-1.6094379124341003,-0.00032491579772158524
787,other,5,0.00020188153591472525,-1.6094379124341003,-0.00032491579772158524
609,put,5,0.00020188153591472525,-1.6094379124341003,-0.00032491579772158524
391,expressions,5,0.00020188153591472525,-1.6094379124341003,-0.00032491579772158524
236,very,5,0.00020188153591472525,-1.6094379124341003,-0.00032491579772158524
241,machine,5,0.00020188153591472525,-1.6094379124341003,-0.00032491579772158524
315,should,5,0.00020188153591472525,-1.6094379124341003,-0.00032491579772158524
208,elements,5,0.00020188153591472525,-1.6094379124341003,-0.00032491579772158524
94,access,5,0.00020188153591472525,-1.6094379124341003,-0.00032491579772158524
10,tag,5,0.00020188153591472525,-1.6094379124341003,-0.00032491579772158524
313,static,5,0.00020188153591472525,-1.6094379124341003,-0.00032491579772158524
681,stop,5,0.00020188153591472525,-1.6094379124341003,-0.00032491579772158524
647,p1,5,0.00020188153591472525,-1.6094379124341003,-0.00032491579772158524
506,uses,5,0.00020188153591472525,-1.6094379124341003,-0.00032491579772158524
839,passed,5,0.00020188153591472525,-1.6094379124341003,-0.00032491579772158524
833,like,5,0.00020188153591472525,-1.6094379124341003,-0.00032491579772158524
545,similar,5,0.00020188153591472525,-1.6094379124341003,-0.00032491579772158524
376,platform,5,0.00020188153591472525,-1.6094379124341003,-0.00032491579772158524
760,instantiate,5,0.00020188153591472525,-1.6094379124341003,-0.00032491579772158524
740,while,5,0.00020188153591472525,-1.6094379124341003,-0.00032491579772158524
910,length,5,0.00020188153591472525,-1.6094379124341003,-0.00032491579772158524
125,p2,5,0.00020188153591472525,-1.6094379124341003,-0.00032491579772158524
350,signed,5,0.00020188153591472525,-1.6094379124341003,-0.00032491579772158524
731,only,5,0.00020188153591472525,-1.6094379124341003,-0.00032491579772158524
712,consider,5,0.00020188153591472525,-1.6094379124341003,-0.00032491579772158524
38,effect,5,0.00020188153591472525,-1.6094379124341003,-0.00032491579772158524
881,initial,5,0.00020188153591472525,-1.6094379124341003,-0.00032491579772158524
730,way,5,0.00020188153591472525,-1.6094379124341003,-0.00032491579772158524
608,because,5,0.00020188153591472525,-1.6094379124341003,-0.00032491579772158524
453,each,5,0.00020188153591472525,-1.6094379124341003,-0.00032491579772158524
558,set,5,0.00020188153591472525,-1.6094379124341003,-0.00032491579772158524
171,using,5,0.00020188153591472525,-1.6094379124341003,-0.00032491579772158524
244,start,5,0.00020188153591472525,-1.6094379124341003,-0.00032491579772158524
810,import,5,0.00020188153591472525,-1.6094379124341003,-0.00032491579772158524
515,clone,5,0.00020188153591472525,-1.6094379124341003,-0.00032491579772158524
184,executed,5,0.00020188153591472525,-1.6094379124341003,-0.00032491579772158524
755,compile,5,0.00020188153591472525,-1.6094379124341003,-0.00032491579772158524
796,buttons,5,0.00020188153591472525,-1.6094379124341003,-0.00032491579772158524
530,allocates,5,0.00020188153591472525,-1.6094379124341003,-0.00032491579772158524
368,write,5,0.00020188153591472525,-1.6094379124341003,-0.00032491579772158524
562,where,5,0.00020188153591472525,-1.6094379124341003,-0.00032491579772158524
667,threads,5,0.00020188153591472525,-1.6094379124341003,-0.00032491579772158524
845,don,5,0.00020188153591472525,-1.6094379124341003,-0.00032491579772158524
266,used,5,0.00020188153591472525,-1.6094379124341003,-0.00032491579772158524
449,place,4,0.0001615052287317802,-1.3862943611198906,-0.00022389378788224503
233,www,4,0.0001615052287317802,-1.3862943611198906,-0.00022389378788224503
277,document,4,0.0001615052287317802,-1.3862943611198906,-0.00022389378788224503
469,free,4,0.0001615052287317802,-1.3862943611198906,-0.00022389378788224503
623,drawn,4,0.0001615052287317802,-1.3862943611198906,-0.00022389378788224503
221,animations,4,0.0001615052287317802,-1.3862943611198906,-0.00022389378788224503
97,paint,4,0.0001615052287317802,-1.3862943611198906,-0.00022389378788224503
411,getparameter,4,0.0001615052287317802,-1.3862943611198906,-0.00022389378788224503
84,look,4,0.0001615052287317802,-1.3862943611198906,-0.00022389378788224503
745,line,4,0.0001615052287317802,-1.3862943611198906,-0.00022389378788224503
582,compiler,4,0.0001615052287317802,-1.3862943611198906,-0.00022389378788224503
905,space,4,0.0001615052287317802,-1.3862943611198906,-0.00022389378788224503
908,operators,4,0.0001615052287317802,-1.3862943611198906,-0.00022389378788224503
631,view,4,0.0001615052287317802,-1.3862943611198906,-0.00022389378788224503
40,must,4,0.0001615052287317802,-1.3862943611198906,-0.00022389378788224503
605,convert,4,0.0001615052287317802,-1.3862943611198906,-0.00022389378788224503
383,else,4,0.0001615052287317802,-1.3862943611198906,-0.00022389378788224503
32,final,4,0.0001615052287317802,-1.3862943611198906,-0.00022389378788224503
917,however,4,0.0001615052287317802,-1.3862943611198906,-0.00022389378788224503
918,blah,4,0.0001615052287317802,-1.3862943611198906,-0.00022389378788224503
23,graphics,4,0.0001615052287317802,-1.3862943611198906,-0.00022389378788224503
6,execution,4,0.0001615052287317802,-1.3862943611198906,-0.00022389378788224503
390,own,4,0.0001615052287317802,-1.3862943611198906,-0.00022389378788224503
3,simple,4,0.0001615052287317802,-1.3862943611198906,-0.00022389378788224503
397,quit,4,0.0001615052287317802,-1.3862943611198906,-0.00022389378788224503
815,initialize,4,0.0001615052287317802,-1.3862943611198906,-0.00022389378788224503
103,list,4,0.0001615052287317802,-1.3862943611198906,-0.00022389378788224503
877,false,4,0.0001615052287317802,-1.3862943611198906,-0.00022389378788224503
514,copy,4,0.0001615052287317802,-1.3862943611198906,-0.00022389378788224503
771,definitions,4,0.0001615052287317802,-1.3862943611198906,-0.00022389378788224503
206,therefore,4,0.0001615052287317802,-1.3862943611198906,-0.00022389378788224503
323,part,4,0.0001615052287317802,-1.3862943611198906,-0.00022389378788224503
430,println,4,0.0001615052287317802,-1.3862943611198906,-0.00022389378788224503
182,library,4,0.0001615052287317802,-1.3862943611198906,-0.00022389378788224503
840,super,4,0.0001615052287317802,-1.3862943611198906,-0.00022389378788224503
658,extend,4,0.0001615052287317802,-1.3862943611198906,-0.00022389378788224503
422,makes,4,0.0001615052287317802,-1.3862943611198906,-0.00022389378788224503
761,pointernull,4,0.0001615052287317802,-1.3862943611198906,-0.00022389378788224503
843,invoke,4,0.0001615052287317802,-1.3862943611198906,-0.00022389378788224503
727,optional,3,0.00012112892154883515,-1.0986122886681098,-0.0001330737217266657
318,awt,3,0.00012112892154883515,-1.0986122886681098,-0.0001330737217266657
774,allow,3,0.00012112892154883515,-1.0986122886681098,-0.0001330737217266657
773,hard,3,0.00012112892154883515,-1.0986122886681098,-0.0001330737217266657
351,label,3,0.00012112892154883515,-1.0986122886681098,-0.0001330737217266657
388,extends,3,0.00012112892154883515,-1.0986122886681098,-0.0001330737217266657
436,will,3,0.00012112892154883515,-1.0986122886681098,-0.0001330737217266657
354,easily,3,0.00012112892154883515,-1.0986122886681098,-0.0001330737217266657
785,shows,3,0.00012112892154883515,-1.0986122886681098,-0.0001330737217266657
770,allocated,3,0.00012112892154883515,-1.0986122886681098,-0.0001330737217266657
384,window,3,0.00012112892154883515,-1.0986122886681098,-0.0001330737217266657
297,classes,3,0.00012112892154883515,-1.0986122886681098,-0.0001330737217266657
762,double,3,0.00012112892154883515,-1.0986122886681098,-0.0001330737217266657
420,section,3,0.00012112892154883515,-1.0986122886681098,-0.0001330737217266657
739,include,3,0.00012112892154883515,-1.0986122886681098,-0.0001330737217266657
309,automatically,3,0.00012112892154883515,-1.0986122886681098,-0.0001330737217266657
423,messages,3,0.00012112892154883515,-1.0986122886681098,-0.0001330737217266657
377,into,3,0.00012112892154883515,-1.0986122886681098,-0.0001330737217266657
768,destroy,3,0.00012112892154883515,-1.0986122886681098,-0.0001330737217266657
766,char,3,0.00012112892154883515,-1.0986122886681098,-0.0001330737217266657
310,inthis,3,0.00012112892154883515,-1.0986122886681098,-0.0001330737217266657
757,which,3,0.00012112892154883515,-1.0986122886681098,-0.0001330737217266657
733,argument,3,0.00012112892154883515,-1.0986122886681098,-0.0001330737217266657
289,than,3,0.00012112892154883515,-1.0986122886681098,-0.0001330737217266657
119,arithmetic,3,0.00012112892154883515,-1.0986122886681098,-0.0001330737217266657
122,html,3,0.00012112892154883515,-1.0986122886681098,-0.0001330737217266657
552,compilation,3,0.00012112892154883515,-1.0986122886681098,-0.0001330737217266657
126,within,3,0.00012112892154883515,-1.0986122886681098,-0.0001330737217266657
862,default,3,0.00012112892154883515,-1.0986122886681098,-0.0001330737217266657
132,trivialapplication,3,0.00012112892154883515,-1.0986122886681098,-0.0001330737217266657
548,robust,3,0.00012112892154883515,-1.0986122886681098,-0.0001330737217266657
290,address,3,0.00012112892154883515,-1.0986122886681098,-0.0001330737217266657
657,now,3,0.00012112892154883515,-1.0986122886681098,-0.0001330737217266657
538,float,3,0.00012112892154883515,-1.0986122886681098,-0.0001330737217266657
150,output,3,0.00012112892154883515,-1.0986122886681098,-0.0001330737217266657
151,stat1,3,0.00012112892154883515,-1.0986122886681098,-0.0001330737217266657
663,collector,3,0.00012112892154883515,-1.0986122886681098,-0.0001330737217266657
168,case,3,0.00012112892154883515,-1.0986122886681098,-0.0001330737217266657
666,gui,3,0.00012112892154883515,-1.0986122886681098,-0.0001330737217266657
116,ignore,3,0.00012112892154883515,-1.0986122886681098,-0.0001330737217266657
109,appletviewer,3,0.00012112892154883515,-1.0986122886681098,-0.0001330737217266657
565,leave,3,0.00012112892154883515,-1.0986122886681098,-0.0001330737217266657
100,either,3,0.00012112892154883515,-1.0986122886681098,-0.0001330737217266657
1,codevoid,3,0.00012112892154883515,-1.0986122886681098,-0.0001330737217266657
618,always,3,0.00012112892154883515,-1.0986122886681098,-0.0001330737217266657
617,every,3,0.00012112892154883515,-1.0986122886681098,-0.0001330737217266657
613,structure,3,0.00012112892154883515,-1.0986122886681098,-0.0001330737217266657
29,equals,3,0.00012112892154883515,-1.0986122886681098,-0.0001330737217266657
31,been,3,0.00012112892154883515,-1.0986122886681098,-0.0001330737217266657
912,function,3,0.00012112892154883515,-1.0986122886681098,-0.0001330737217266657
521,between,3,0.00012112892154883515,-1.0986122886681098,-0.0001330737217266657
600,text,3,0.00012112892154883515,-1.0986122886681098,-0.0001330737217266657
900,dispose,3,0.00012112892154883515,-1.0986122886681098,-0.0001330737217266657
639,dynamic,3,0.00012112892154883515,-1.0986122886681098,-0.0001330737217266657
892,package,3,0.00012112892154883515,-1.0986122886681098,-0.0001330737217266657
888,defines,3,0.00012112892154883515,-1.0986122886681098,-0.0001330737217266657
578,nothing,3,0.00012112892154883515,-1.0986122886681098,-0.0001330737217266657
81,reside,3,0.00012112892154883515,-1.0986122886681098,-0.0001330737217266657
95,creates,3,0.00012112892154883515,-1.0986122886681098,-0.0001330737217266657
904,life,3,0.00012112892154883515,-1.0986122886681098,-0.0001330737217266657
841,assigned,3,0.00012112892154883515,-1.0986122886681098,-0.0001330737217266657
547,idi,3,0.00012112892154883515,-1.0986122886681098,-0.0001330737217266657
794,loop,3,0.00012112892154883515,-1.0986122886681098,-0.0001330737217266657
185,first,3,0.00012112892154883515,-1.0986122886681098,-0.0001330737217266657
462,bfoo,3,0.00012112892154883515,-1.0986122886681098,-0.0001330737217266657
460,references,3,0.00012112892154883515,-1.0986122886681098,-0.0001330737217266657
248,contrast,3,0.00012112892154883515,-1.0986122886681098,-0.0001330737217266657
243,edu,3,0.00012112892154883515,-1.0986122886681098,-0.0001330737217266657
242,assignment,3,0.00012112892154883515,-1.0986122886681098,-0.0001330737217266657
479,bounds,3,0.00012112892154883515,-1.0986122886681098,-0.0001330737217266657
481,item,3,0.00012112892154883515,-1.0986122886681098,-0.0001330737217266657
224,height,3,0.00012112892154883515,-1.0986122886681098,-0.0001330737217266657
274,link,3,0.00012112892154883515,-1.0986122886681098,-0.0001330737217266657
696,resources,3,0.00012112892154883515,-1.0986122886681098,-0.0001330737217266657
790,programming,3,0.00012112892154883515,-1.0986122886681098,-0.0001330737217266657
275,limited,3,0.00012112892154883515,-1.0986122886681098,-0.0001330737217266657
454,declaration,3,0.00012112892154883515,-1.0986122886681098,-0.0001330737217266657
204,typename,3,0.00012112892154883515,-1.0986122886681098,-0.0001330737217266657
210,those,3,0.00012112892154883515,-1.0986122886681098,-0.0001330737217266657
279,push,3,0.00012112892154883515,-1.0986122886681098,-0.0001330737217266657
630,vector,2,8.07526143658901e-05,-0.6931471805599453,-5.597344697056126e-05
641,points,2,8.07526143658901e-05,-0.6931471805599453,-5.597344697056126e-05
402,instead,2,8.07526143658901e-05,-0.6931471805599453,-5.597344697056126e-05
699,member,2,8.07526143658901e-05,-0.6931471805599453,-5.597344697056126e-05
621,added,2,8.07526143658901e-05,-0.6931471805599453,-5.597344697056126e-05
619,portability,2,8.07526143658901e-05,-0.6931471805599453,-5.597344697056126e-05
447,unlike,2,8.07526143658901e-05,-0.6931471805599453,-5.597344697056126e-05
636,suspend,2,8.07526143658901e-05,-0.6931471805599453,-5.597344697056126e-05
635,comparison,2,8.07526143658901e-05,-0.6931471805599453,-5.597344697056126e-05
444,their,2,8.07526143658901e-05,-0.6931471805599453,-5.597344697056126e-05
593,ofc,2,8.07526143658901e-05,-0.6931471805599453,-5.597344697056126e-05
442,freed,2,8.07526143658901e-05,-0.6931471805599453,-5.597344697056126e-05
579,objectsa,2,8.07526143658901e-05,-0.6931471805599453,-5.597344697056126e-05
602,delimited,2,8.07526143658901e-05,-0.6931471805599453,-5.597344697056126e-05
603,hardware,2,8.07526143658901e-05,-0.6931471805599453,-5.597344697056126e-05
607,labels,2,8.07526143658901e-05,-0.6931471805599453,-5.597344697056126e-05
705,interpreted,2,8.07526143658901e-05,-0.6931471805599453,-5.597344697056126e-05
668,dynamically,2,8.07526143658901e-05,-0.6931471805599453,-5.597344697056126e-05
573,contains,2,8.07526143658901e-05,-0.6931471805599453,-5.597344697056126e-05
406,yet,2,8.07526143658901e-05,-0.6931471805599453,-5.597344697056126e-05
513,complete,2,8.07526143658901e-05,-0.6931471805599453,-5.597344697056126e-05
509,etc,2,8.07526143658901e-05,-0.6931471805599453,-5.597344697056126e-05
525,cannot,2,8.07526143658901e-05,-0.6931471805599453,-5.597344697056126e-05
431,during,2,8.07526143658901e-05,-0.6931471805599453,-5.597344697056126e-05
528,instantiated,2,8.07526143658901e-05,-0.6931471805599453,-5.597344697056126e-05
507,instantiates,2,8.07526143658901e-05,-0.6931471805599453,-5.597344697056126e-05
505,once,2,8.07526143658901e-05,-0.6931471805599453,-5.597344697056126e-05
537,left,2,8.07526143658901e-05,-0.6931471805599453,-5.597344697056126e-05
504,lifecycle,2,8.07526143658901e-05,-0.6931471805599453,-5.597344697056126e-05
678,error,2,8.07526143658901e-05,-0.6931471805599453,-5.597344697056126e-05
682,ii,2,8.07526143658901e-05,-0.6931471805599453,-5.597344697056126e-05
434,addition,2,8.07526143658901e-05,-0.6931471805599453,-5.597344697056126e-05
492,tothe,2,8.07526143658901e-05,-0.6931471805599453,-5.597344697056126e-05
688,unit,2,8.07526143658901e-05,-0.6931471805599453,-5.597344697056126e-05
417,simply,2,8.07526143658901e-05,-0.6931471805599453,-5.597344697056126e-05
415,break,2,8.07526143658901e-05,-0.6931471805599453,-5.597344697056126e-05
653,syntax,2,8.07526143658901e-05,-0.6931471805599453,-5.597344697056126e-05
723,buttonsbutton,2,8.07526143658901e-05,-0.6931471805599453,-5.597344697056126e-05
690,menu,2,8.07526143658901e-05,-0.6931471805599453,-5.597344697056126e-05
473,declare,2,8.07526143658901e-05,-0.6931471805599453,-5.597344697056126e-05
646,bad,2,8.07526143658901e-05,-0.6931471805599453,-5.597344697056126e-05
410,expressionsitemexamples,2,8.07526143658901e-05,-0.6931471805599453,-5.597344697056126e-05
645,multi,2,8.07526143658901e-05,-0.6931471805599453,-5.597344697056126e-05
576,wide,2,8.07526143658901e-05,-0.6931471805599453,-5.597344697056126e-05
694,codeint,2,8.07526143658901e-05,-0.6931471805599453,-5.597344697056126e-05
577,second,2,8.07526143658901e-05,-0.6931471805599453,-5.597344697056126e-05
672,secure,2,8.07526143658901e-05,-0.6931471805599453,-5.597344697056126e-05
0,hello,2,8.07526143658901e-05,-0.6931471805599453,-5.597344697056126e-05
198,instanceof,2,8.07526143658901e-05,-0.6931471805599453,-5.597344697056126e-05
160,declarations,2,8.07526143658901e-05,-0.6931471805599453,-5.597344697056126e-05
161,constant3,2,8.07526143658901e-05,-0.6931471805599453,-5.597344697056126e-05
163,written,2,8.07526143658901e-05,-0.6931471805599453,-5.597344697056126e-05
164,documentation,2,8.07526143658901e-05,-0.6931471805599453,-5.597344697056126e-05
847,versions,2,8.07526143658901e-05,-0.6931471805599453,-5.597344697056126e-05
174,come,2,8.07526143658901e-05,-0.6931471805599453,-5.597344697056126e-05
176,containing,2,8.07526143658901e-05,-0.6931471805599453,-5.597344697056126e-05
178,non,2,8.07526143658901e-05,-0.6931471805599453,-5.597344697056126e-05
191,done,2,8.07526143658901e-05,-0.6931471805599453,-5.597344697056126e-05
394,index,2,8.07526143658901e-05,-0.6931471805599453,-5.597344697056126e-05
830,sockets,2,8.07526143658901e-05,-0.6931471805599453,-5.597344697056126e-05
826,thesame,2,8.07526143658901e-05,-0.6931471805599453,-5.597344697056126e-05
824,longer,2,8.07526143658901e-05,-0.6931471805599453,-5.597344697056126e-05
212,checking,2,8.07526143658901e-05,-0.6931471805599453,-5.597344697056126e-05
823,itself,2,8.07526143658901e-05,-0.6931471805599453,-5.597344697056126e-05
226,level,2,8.07526143658901e-05,-0.6931471805599453,-5.597344697056126e-05
232,just,2,8.07526143658901e-05,-0.6931471805599453,-5.597344697056126e-05
234,independent,2,8.07526143658901e-05,-0.6931471805599453,-5.597344697056126e-05
239,standard,2,8.07526143658901e-05,-0.6931471805599453,-5.597344697056126e-05
256,accessing,2,8.07526143658901e-05,-0.6931471805599453,-5.597344697056126e-05
799,unicode,2,8.07526143658901e-05,-0.6931471805599453,-5.597344697056126e-05
267,invoked,2,8.07526143658901e-05,-0.6931471805599453,-5.597344697056126e-05
797,prints,2,8.07526143658901e-05,-0.6931471805599453,-5.597344697056126e-05
157,initialized,2,8.07526143658901e-05,-0.6931471805599453,-5.597344697056126e-05
153,arguments,2,8.07526143658901e-05,-0.6931471805599453,-5.597344697056126e-05
148,task,2,8.07526143658901e-05,-0.6931471805599453,-5.597344697056126e-05
145,valid,2,8.07526143658901e-05,-0.6931471805599453,-5.597344697056126e-05
933,what,2,8.07526143658901e-05,-0.6931471805599453,-5.597344697056126e-05
929,particular,2,8.07526143658901e-05,-0.6931471805599453,-5.597344697056126e-05
14,opening,2,8.07526143658901e-05,-0.6931471805599453,-5.597344697056126e-05
914,behavior,2,8.07526143658901e-05,-0.6931471805599453,-5.597344697056126e-05
41,specific,2,8.07526143658901e-05,-0.6931471805599453,-5.597344697056126e-05
43,trivialapplet,2,8.07526143658901e-05,-0.6931471805599453,-5.597344697056126e-05
44,display,2,8.07526143658901e-05,-0.6931471805599453,-5.597344697056126e-05
48,placed,2,8.07526143658901e-05,-0.6931471805599453,-5.597344697056126e-05
50,host,2,8.07526143658901e-05,-0.6931471805599453,-5.597344697056126e-05
58,settitle,2,8.07526143658901e-05,-0.6931471805599453,-5.597344697056126e-05
61,subclass,2,8.07526143658901e-05,-0.6931471805599453,-5.597344697056126e-05
270,continue,2,8.07526143658901e-05,-0.6931471805599453,-5.597344697056126e-05
898,causes,2,8.07526143658901e-05,-0.6931471805599453,-5.597344697056126e-05
886,illustrate,2,8.07526143658901e-05,-0.6931471805599453,-5.597344697056126e-05
79,features,2,8.07526143658901e-05,-0.6931471805599453,-5.597344697056126e-05
82,web,2,8.07526143658901e-05,-0.6931471805599453,-5.597344697056126e-05
88,ignored,2,8.07526143658901e-05,-0.6931471805599453,-5.597344697056126e-05
874,concatenate,2,8.07526143658901e-05,-0.6931471805599453,-5.597344697056126e-05
871,forms,2,8.07526143658901e-05,-0.6931471805599453,-5.597344697056126e-05
112,constructor,2,8.07526143658901e-05,-0.6931471805599453,-5.597344697056126e-05
117,ieee,2,8.07526143658901e-05,-0.6931471805599453,-5.597344697056126e-05
129,alt,2,8.07526143658901e-05,-0.6931471805599453,-5.597344697056126e-05
137,mml,2,8.07526143658901e-05,-0.6931471805599453,-5.597344697056126e-05
141,handle,2,8.07526143658901e-05,-0.6931471805599453,-5.597344697056126e-05
72,orin,2,8.07526143658901e-05,-0.6931471805599453,-5.597344697056126e-05
280,existing,2,8.07526143658901e-05,-0.6931471805599453,-5.597344697056126e-05
776,environment,2,8.07526143658901e-05,-0.6931471805599453,-5.597344697056126e-05
282,perform,2,8.07526143658901e-05,-0.6931471805599453,-5.597344697056126e-05
763,constants,2,8.07526143658901e-05,-0.6931471805599453,-5.597344697056126e-05
345,more,2,8.07526143658901e-05,-0.6931471805599453,-5.597344697056126e-05
333,values,2,8.07526143658901e-05,-0.6931471805599453,-5.597344697056126e-05
348,javabasics,2,8.07526143658901e-05,-0.6931471805599453,-5.597344697056126e-05
328,variablename,2,8.07526143658901e-05,-0.6931471805599453,-5.597344697056126e-05
769,appletname,2,8.07526143658901e-05,-0.6931471805599453,-5.597344697056126e-05
325,stylecomments,2,8.07526143658901e-05,-0.6931471805599453,-5.597344697056126e-05
324,calls,2,8.07526143658901e-05,-0.6931471805599453,-5.597344697056126e-05
317,bar,2,8.07526143658901e-05,-0.6931471805599453,-5.597344697056126e-05
355,them,2,8.07526143658901e-05,-0.6931471805599453,-5.597344697056126e-05
337,addresses,2,8.07526143658901e-05,-0.6931471805599453,-5.597344697056126e-05
748,dereference,2,8.07526143658901e-05,-0.6931471805599453,-5.597344697056126e-05
303,handling,2,8.07526143658901e-05,-0.6931471805599453,-5.597344697056126e-05
784,components,2,8.07526143658901e-05,-0.6931471805599453,-5.597344697056126e-05
759,world,2,8.07526143658901e-05,-0.6931471805599453,-5.597344697056126e-05
286,keyword,2,8.07526143658901e-05,-0.6931471805599453,-5.597344697056126e-05
791,available,2,8.07526143658901e-05,-0.6931471805599453,-5.597344697056126e-05
789,employee,2,8.07526143658901e-05,-0.6931471805599453,-5.597344697056126e-05
920,specifically,1,4.037630718294505e-05,0.0,0.0
652,ishandled,1,4.037630718294505e-05,0.0,0.0
626,context,1,4.037630718294505e-05,0.0,0.0
651,notpresent,1,4.037630718294505e-05,0.0,0.0
756,harm,1,4.037630718294505e-05,0.0,0.0
872,contained,1,4.037630718294505e-05,0.0,0.0
649,linking,1,4.037630718294505e-05,0.0,0.0
722,corrupt,1,4.037630718294505e-05,0.0,0.0
928,statwhilewhile,1,4.037630718294505e-05,0.0,0.0
875,pointed,1,4.037630718294505e-05,0.0,0.0
876,assignments,1,4.037630718294505e-05,0.0,0.0
880,respond,1,4.037630718294505e-05,0.0,0.0
883,also,1,4.037630718294505e-05,0.0,0.0
873,phase,1,4.037630718294505e-05,0.0,0.0
625,creating,1,4.037630718294505e-05,0.0,0.0
870,crashesduring,1,4.037630718294505e-05,0.0,0.0
721,statementsstatementexamplesifif,1,4.037630718294505e-05,0.0,0.0
859,malloc,1,4.037630718294505e-05,0.0,0.0
656,objectsassignment,1,4.037630718294505e-05,0.0,0.0
934,parameterscodebase,1,4.037630718294505e-05,0.0,0.0
758,fromall,1,4.037630718294505e-05,0.0,0.0
861,implied,1,4.037630718294505e-05,0.0,0.0
624,iconifyyour,1,4.037630718294505e-05,0.0,0.0
863,ofcode,1,4.037630718294505e-05,0.0,0.0
644,three,1,4.037630718294505e-05,0.0,0.0
864,difficult,1,4.037630718294505e-05,0.0,0.0
867,e6f,1,4.037630718294505e-05,0.0,0.0
735,avoid,1,4.037630718294505e-05,0.0,0.0
868,javalanguage,1,4.037630718294505e-05,0.0,0.0
932,exceptionsjava,1,4.037630718294505e-05,0.0,0.0
654,useful,1,4.037630718294505e-05,0.0,0.0
869,frameremoves,1,4.037630718294505e-05,0.0,0.0
732,differences,1,4.037630718294505e-05,0.0,0.0
865,leaves,1,4.037630718294505e-05,0.0,0.0
884,notspecify,1,4.037630718294505e-05,0.0,0.0
643,calling,1,4.037630718294505e-05,0.0,0.0
642,stats,1,4.037630718294505e-05,0.0,0.0
633,brackets,1,4.037630718294505e-05,0.0,0.0
632,allowed,1,4.037630718294505e-05,0.0,0.0
903,mainwindow,1,4.037630718294505e-05,0.0,0.0
728,toconvert,1,4.037630718294505e-05,0.0,0.0
906,stat3,1,4.037630718294505e-05,0.0,0.0
729,methodcauses,1,4.037630718294505e-05,0.0,0.0
744,linked,1,4.037630718294505e-05,0.0,0.0
743,together,1,4.037630718294505e-05,0.0,0.0
742,arithmeticjava,1,4.037630718294505e-05,0.0,0.0
923,efficient,1,4.037630718294505e-05,0.0,0.0
911,objectsuperthe,1,4.037630718294505e-05,0.0,0.0
913,diagram,1,4.037630718294505e-05,0.0,0.0
737,leads,1,4.037630718294505e-05,0.0,0.0
915,flavors,1,4.037630718294505e-05,0.0,0.0
919,needsto,1,4.037630718294505e-05,0.0,0.0
634,stringsjava,1,4.037630718294505e-05,0.0,0.0
921,concatenated,1,4.037630718294505e-05,0.0,0.0
627,apply,1,4.037630718294505e-05,0.0,0.0
746,sends,1,4.037630718294505e-05,0.0,0.0
724,thatspecify,1,4.037630718294505e-05,0.0,0.0
752,commentswhere,1,4.037630718294505e-05,0.0,0.0
885,processed,1,4.037630718294505e-05,0.0,0.0
750,signature,1,4.037630718294505e-05,0.0,0.0
887,dlls,1,4.037630718294505e-05,0.0,0.0
890,onany,1,4.037630718294505e-05,0.0,0.0
640,appletthe,1,4.037630718294505e-05,0.0,0.0
891,tedious,1,4.037630718294505e-05,0.0,0.0
893,bitmaps,1,4.037630718294505e-05,0.0,0.0
894,major,1,4.037630718294505e-05,0.0,0.0
896,statdo,1,4.037630718294505e-05,0.0,0.0
897,nonportable,1,4.037630718294505e-05,0.0,0.0
736,initializersvariables,1,4.037630718294505e-05,0.0,0.0
747,namelistqualified,1,4.037630718294505e-05,0.0,0.0
899,thisthe,1,4.037630718294505e-05,0.0,0.0
901,heapwould,1,4.037630718294505e-05,0.0,0.0
749,typesint,1,4.037630718294505e-05,0.0,0.0
853,often,1,4.037630718294505e-05,0.0,0.0
856,defense,1,4.037630718294505e-05,0.0,0.0
692,market,1,4.037630718294505e-05,0.0,0.0
691,bitsint32,1,4.037630718294505e-05,0.0,0.0
809,local,1,4.037630718294505e-05,0.0,0.0
783,say,1,4.037630718294505e-05,0.0,0.0
812,provided,1,4.037630718294505e-05,0.0,0.0
813,allocation,1,4.037630718294505e-05,0.0,0.0
689,conversions,1,4.037630718294505e-05,0.0,0.0
806,publicly,1,4.037630718294505e-05,0.0,0.0
782,surroundingit,1,4.037630718294505e-05,0.0,0.0
781,codebutton,1,4.037630718294505e-05,0.0,0.0
686,appropriate,1,4.037630718294505e-05,0.0,0.0
816,keywords,1,4.037630718294505e-05,0.0,0.0
685,lack,1,4.037630718294505e-05,0.0,0.0
684,suffixdouble,1,4.037630718294505e-05,0.0,0.0
683,messagesfrom,1,4.037630718294505e-05,0.0,0.0
818,translates,1,4.037630718294505e-05,0.0,0.0
814,creation,1,4.037630718294505e-05,0.0,0.0
820,classthat,1,4.037630718294505e-05,0.0,0.0
805,max_value,1,4.037630718294505e-05,0.0,0.0
802,effort,1,4.037630718294505e-05,0.0,0.0
707,completely,1,4.037630718294505e-05,0.0,0.0
792,looks,1,4.037630718294505e-05,0.0,0.0
793,alljava,1,4.037630718294505e-05,0.0,0.0
706,members,1,4.037630718294505e-05,0.0,0.0
795,executionsequence,1,4.037630718294505e-05,0.0,0.0
704,longerneeded,1,4.037630718294505e-05,0.0,0.0
703,discussed,1,4.037630718294505e-05,0.0,0.0
803,complexity,1,4.037630718294505e-05,0.0,0.0
702,content,1,4.037630718294505e-05,0.0,0.0
798,interfaces,1,4.037630718294505e-05,0.0,0.0
698,consequence,1,4.037630718294505e-05,0.0,0.0
788,intentionally,1,4.037630718294505e-05,0.0,0.0
697,outside,1,4.037630718294505e-05,0.0,0.0
800,thisstatement,1,4.037630718294505e-05,0.0,0.0
801,relieving,1,4.037630718294505e-05,0.0,0.0
695,precedence,1,4.037630718294505e-05,0.0,0.0
700,modules,1,4.037630718294505e-05,0.0,0.0
821,hspace,1,4.037630718294505e-05,0.0,0.0
680,becausethey,1,4.037630718294505e-05,0.0,0.0
822,ofyour,1,4.037630718294505e-05,0.0,0.0
842,deallocated,1,4.037630718294505e-05,0.0,0.0
844,sections,1,4.037630718294505e-05,0.0,0.0
846,abc,1,4.037630718294505e-05,0.0,0.0
767,related,1,4.037630718294505e-05,0.0,0.0
664,restrictions,1,4.037630718294505e-05,0.0,0.0
718,hostplatform,1,4.037630718294505e-05,0.0,0.0
765,structurea,1,4.037630718294505e-05,0.0,0.0
669,visible,1,4.037630718294505e-05,0.0,0.0
850,tostring,1,4.037630718294505e-05,0.0,0.0
662,allocatesmemory,1,4.037630718294505e-05,0.0,0.0
764,attemptingto,1,4.037630718294505e-05,0.0,0.0
661,nullpointerexception,1,4.037630718294505e-05,0.0,0.0
660,stacks,1,4.037630718294505e-05,0.0,0.0
709,netscapenavigator,1,4.037630718294505e-05,0.0,0.0
854,integrateyour,1,4.037630718294505e-05,0.0,0.0
855,atjava,1,4.037630718294505e-05,0.0,0.0
719,places,1,4.037630718294505e-05,0.0,0.0
838,bring,1,4.037630718294505e-05,0.0,0.0
836,converted,1,4.037630718294505e-05,0.0,0.0
835,combination,1,4.037630718294505e-05,0.0,0.0
778,e6d,1,4.037630718294505e-05,0.0,0.0
677,executionthe,1,4.037630718294505e-05,0.0,0.0
676,demand,1,4.037630718294505e-05,0.0,0.0
714,takes,1,4.037630718294505e-05,0.0,0.0
675,elementsjava,1,4.037630718294505e-05,0.0,0.0
674,intsnew,1,4.037630718294505e-05,0.0,0.0
777,redrawn,1,4.037630718294505e-05,0.0,0.0
825,named,1,4.037630718294505e-05,0.0,0.0
775,falsebyte8,1,4.037630718294505e-05,0.0,0.0
827,forget,1,4.037630718294505e-05,0.0,0.0
829,already,1,4.037630718294505e-05,0.0,0.0
715,owner,1,4.037630718294505e-05,0.0,0.0
831,arraya,1,4.037630718294505e-05,0.0,0.0
671,deallocates,1,4.037630718294505e-05,0.0,0.0
832,src,1,4.037630718294505e-05,0.0,0.0
772,notices,1,4.037630718294505e-05,0.0,0.0
834,next,1,4.037630718294505e-05,0.0,0.0
857,interesting,1,4.037630718294505e-05,0.0,0.0
734,having,1,4.037630718294505e-05,0.0,0.0
468,implementor,1,4.037630718294505e-05,0.0,0.0
616,objectresults,1,4.037630718294505e-05,0.0,0.0
188,created,1,4.037630718294505e-05,0.0,0.0
189,copyjava,1,4.037630718294505e-05,0.0,0.0
190,files,1,4.037630718294505e-05,0.0,0.0
192,interpreter,1,4.037630718294505e-05,0.0,0.0
196,lowest,1,4.037630718294505e-05,0.0,0.0
197,page,1,4.037630718294505e-05,0.0,0.0
200,operations,1,4.037630718294505e-05,0.0,0.0
201,yourbrowser,1,4.037630718294505e-05,0.0,0.0
203,returns,1,4.037630718294505e-05,0.0,0.0
205,block,1,4.037630718294505e-05,0.0,0.0
207,tobe,1,4.037630718294505e-05,0.0,0.0
209,objid,1,4.037630718294505e-05,0.0,0.0
211,equalitytwo,1,4.037630718294505e-05,0.0,0.0
213,literals,1,4.037630718294505e-05,0.0,0.0
215,multiple,1,4.037630718294505e-05,0.0,0.0
187,bitslong64,1,4.037630718294505e-05,0.0,0.0
186,proper,1,4.037630718294505e-05,0.0,0.0
183,priority,1,4.037630718294505e-05,0.0,0.0
181,macapplication,1,4.037630718294505e-05,0.0,0.0
144,namelistobj,1,4.037630718294505e-05,0.0,0.0
146,incorrect,1,4.037630718294505e-05,0.0,0.0
147,freeing,1,4.037630718294505e-05,0.0,0.0
149,codenew,1,4.037630718294505e-05,0.0,0.0
155,command,1,4.037630718294505e-05,0.0,0.0
156,javaruntime,1,4.037630718294505e-05,0.0,0.0
158,descriptionjava,1,4.037630718294505e-05,0.0,0.0
217,calledequals,1,4.037630718294505e-05,0.0,0.0
159,youoverride,1,4.037630718294505e-05,0.0,0.0
169,collectionan,1,4.037630718294505e-05,0.0,0.0
170,orviruses,1,4.037630718294505e-05,0.0,0.0
172,pointerb,1,4.037630718294505e-05,0.0,0.0
173,methodshould,1,4.037630718294505e-05,0.0,0.0
175,int00000in,1,4.037630718294505e-05,0.0,0.0
177,scrollbars,1,4.037630718294505e-05,0.0,0.0
180,back,1,4.037630718294505e-05,0.0,0.0
165,order,1,4.037630718294505e-05,0.0,0.0
143,efficiency,1,4.037630718294505e-05,0.0,0.0
219,listed,1,4.037630718294505e-05,0.0,0.0
222,deallocating,1,4.037630718294505e-05,0.0,0.0
268,undefined,1,4.037630718294505e-05,0.0,0.0
269,jim,1,4.037630718294505e-05,0.0,0.0
271,reduces,1,4.037630718294505e-05,0.0,0.0
273,steal,1,4.037630718294505e-05,0.0,0.0
276,sizes,1,4.037630718294505e-05,0.0,0.0
278,means,1,4.037630718294505e-05,0.0,0.0
283,runs,1,4.037630718294505e-05,0.0,0.0
287,stat1if,1,4.037630718294505e-05,0.0,0.0
288,deep,1,4.037630718294505e-05,0.0,0.0
291,common,1,4.037630718294505e-05,0.0,0.0
292,depot,1,4.037630718294505e-05,0.0,0.0
293,thedirectories,1,4.037630718294505e-05,0.0,0.0
294,happens,1,4.037630718294505e-05,0.0,0.0
295,tosubclass,1,4.037630718294505e-05,0.0,0.0
299,constant4float,1,4.037630718294505e-05,0.0,0.0
265,callclass,1,4.037630718294505e-05,0.0,0.0
264,jperforms,1,4.037630718294505e-05,0.0,0.0
262,ifyou,1,4.037630718294505e-05,0.0,0.0
261,ifthey,1,4.037630718294505e-05,0.0,0.0
223,referring,1,4.037630718294505e-05,0.0,0.0
225,applicationconsider,1,4.037630718294505e-05,0.0,0.0
229,thereby,1,4.037630718294505e-05,0.0,0.0
230,short16,1,4.037630718294505e-05,0.0,0.0
235,portions,1,4.037630718294505e-05,0.0,0.0
237,acollection,1,4.037630718294505e-05,0.0,0.0
240,virtually,1,4.037630718294505e-05,0.0,0.0
220,clean,1,4.037630718294505e-05,0.0,0.0
245,structs,1,4.037630718294505e-05,0.0,0.0
247,publicclass,1,4.037630718294505e-05,0.0,0.0
251,mandatory,1,4.037630718294505e-05,0.0,0.0
254,typeelement,1,4.037630718294505e-05,0.0,0.0
255,arraysint,1,4.037630718294505e-05,0.0,0.0
257,scoped,1,4.037630718294505e-05,0.0,0.0
259,drawstring,1,4.037630718294505e-05,0.0,0.0
260,forexample,1,4.037630718294505e-05,0.0,0.0
246,inaccessible,1,4.037630718294505e-05,0.0,0.0
300,suffixhexadecimal,1,4.037630718294505e-05,0.0,0.0
142,whenever,1,4.037630718294505e-05,0.0,0.0
135,idinteger,1,4.037630718294505e-05,0.0,0.0
34,testcommentsjava,1,4.037630718294505e-05,0.0,0.0
35,accompanying,1,4.037630718294505e-05,0.0,0.0
37,objectgeneral,1,4.037630718294505e-05,0.0,0.0
39,searches,1,4.037630718294505e-05,0.0,0.0
42,independentbyte,1,4.037630718294505e-05,0.0,0.0
45,securitythe,1,4.037630718294505e-05,0.0,0.0
46,deiconify,1,4.037630718294505e-05,0.0,0.0
47,othermachines,1,4.037630718294505e-05,0.0,0.0
49,definitionsimport,1,4.037630718294505e-05,0.0,0.0
51,painting,1,4.037630718294505e-05,0.0,0.0
52,functionwould,1,4.037630718294505e-05,0.0,0.0
54,constant0x123octal,1,4.037630718294505e-05,0.0,0.0
56,invalid,1,4.037630718294505e-05,0.0,0.0
57,aseparate,1,4.037630718294505e-05,0.0,0.0
59,typesprimitive,1,4.037630718294505e-05,0.0,0.0
33,pc,1,4.037630718294505e-05,0.0,0.0
30,thatknow,1,4.037630718294505e-05,0.0,0.0
27,objectoperatorsthe,1,4.037630718294505e-05,0.0,0.0
25,including,1,4.037630718294505e-05,0.0,0.0
2,displays,1,4.037630718294505e-05,0.0,0.0
4,leaks,1,4.037630718294505e-05,0.0,0.0
5,fill,1,4.037630718294505e-05,0.0,0.0
7,programmingthe,1,4.037630718294505e-05,0.0,0.0
8,terminates,1,4.037630718294505e-05,0.0,0.0
9,fragments,1,4.037630718294505e-05,0.0,0.0
11,calledarrayindexoutofboundsexception,1,4.037630718294505e-05,0.0,0.0
60,several,1,4.037630718294505e-05,0.0,0.0
12,highest,1,4.037630718294505e-05,0.0,0.0
15,expressionsmost,1,4.037630718294505e-05,0.0,0.0
16,startingclassname,1,4.037630718294505e-05,0.0,0.0
17,integerint,1,4.037630718294505e-05,0.0,0.0
18,constant077nullthe,1,4.037630718294505e-05,0.0,0.0
19,classpath,1,4.037630718294505e-05,0.0,0.0
20,interfacethe,1,4.037630718294505e-05,0.0,0.0
22,double64,1,4.037630718294505e-05,0.0,0.0
13,loadable,1,4.037630718294505e-05,0.0,0.0
140,well,1,4.037630718294505e-05,0.0,0.0
63,cloneable,1,4.037630718294505e-05,0.0,0.0
65,designed,1,4.037630718294505e-05,0.0,0.0
104,differently,1,4.037630718294505e-05,0.0,0.0
105,many,1,4.037630718294505e-05,0.0,0.0
106,drawing,1,4.037630718294505e-05,0.0,0.0
107,semanticswe,1,4.037630718294505e-05,0.0,0.0
108,referred,1,4.037630718294505e-05,0.0,0.0
111,standardoutput,1,4.037630718294505e-05,0.0,0.0
114,lifecyclemethodsthe,1,4.037630718294505e-05,0.0,0.0
118,generic,1,4.037630718294505e-05,0.0,0.0
120,themout,1,4.037630718294505e-05,0.0,0.0
121,storing,1,4.037630718294505e-05,0.0,0.0
123,running,1,4.037630718294505e-05,0.0,0.0
124,area,1,4.037630718294505e-05,0.0,0.0
128,old,1,4.037630718294505e-05,0.0,0.0
131,declarationsa,1,4.037630718294505e-05,0.0,0.0
133,literaltrue,1,4.037630718294505e-05,0.0,0.0
102,javaobject,1,4.037630718294505e-05,0.0,0.0
99,current,1,4.037630718294505e-05,0.0,0.0
98,modified,1,4.037630718294505e-05,0.0,0.0
93,beginwith,1,4.037630718294505e-05,0.0,0.0
66,loader,1,4.037630718294505e-05,0.0,0.0
67,leakage,1,4.037630718294505e-05,0.0,0.0
68,thereforejava,1,4.037630718294505e-05,0.0,0.0
70,injava,1,4.037630718294505e-05,0.0,0.0
71,things,1,4.037630718294505e-05,0.0,0.0
73,nested,1,4.037630718294505e-05,0.0,0.0
74,square,1,4.037630718294505e-05,0.0,0.0
64,tells,1,4.037630718294505e-05,0.0,0.0
75,latest,1,4.037630718294505e-05,0.0,0.0
77,superclass,1,4.037630718294505e-05,0.0,0.0
78,errors,1,4.037630718294505e-05,0.0,0.0
83,constantsvariables,1,4.037630718294505e-05,0.0,0.0
85,stat2switchswitch,1,4.037630718294505e-05,0.0,0.0
86,compared,1,4.037630718294505e-05,0.0,0.0
87,translated,1,4.037630718294505e-05,0.0,0.0
91,upper,1,4.037630718294505e-05,0.0,0.0
76,computer,1,4.037630718294505e-05,0.0,0.0
304,inflexible,1,4.037630718294505e-05,0.0,0.0
305,acompilation,1,4.037630718294505e-05,0.0,0.0
306,standalone,1,4.037630718294505e-05,0.0,0.0
496,align,1,4.037630718294505e-05,0.0,0.0
497,pointeryou,1,4.037630718294505e-05,0.0,0.0
498,effects,1,4.037630718294505e-05,0.0,0.0
499,methodsrobustnessthe,1,4.037630718294505e-05,0.0,0.0
501,aplications,1,4.037630718294505e-05,0.0,0.0
502,specified,1,4.037630718294505e-05,0.0,0.0
508,objectsbutton,1,4.037630718294505e-05,0.0,0.0
510,immediately,1,4.037630718294505e-05,0.0,0.0
511,andformats,1,4.037630718294505e-05,0.0,0.0
516,allocateduntil,1,4.037630718294505e-05,0.0,0.0
518,observation,1,4.037630718294505e-05,0.0,0.0
519,iii,1,4.037630718294505e-05,0.0,0.0
520,potential,1,4.037630718294505e-05,0.0,0.0
523,systemresources,1,4.037630718294505e-05,0.0,0.0
526,treated,1,4.037630718294505e-05,0.0,0.0
495,basicstopics,1,4.037630718294505e-05,0.0,0.0
494,npackage,1,4.037630718294505e-05,0.0,0.0
493,find,1,4.037630718294505e-05,0.0,0.0
491,tnew,1,4.037630718294505e-05,0.0,0.0
464,buttonsa,1,4.037630718294505e-05,0.0,0.0
465,asnew,1,4.037630718294505e-05,0.0,0.0
467,internet,1,4.037630718294505e-05,0.0,0.0
935,making,1,4.037630718294505e-05,0.0,0.0
470,stat1case,1,4.037630718294505e-05,0.0,0.0
472,bitschar16,1,4.037630718294505e-05,0.0,0.0
474,across,1,4.037630718294505e-05,0.0,0.0
527,body,1,4.037630718294505e-05,0.0,0.0
476,rewrite,1,4.037630718294505e-05,0.0,0.0
478,generatedocumentation,1,4.037630718294505e-05,0.0,0.0
482,thedifference,1,4.037630718294505e-05,0.0,0.0
483,five,1,4.037630718294505e-05,0.0,0.0
486,becomes,1,4.037630718294505e-05,0.0,0.0
487,u00aeboolean,1,4.037630718294505e-05,0.0,0.0
489,operating,1,4.037630718294505e-05,0.0,0.0
490,compatible,1,4.037630718294505e-05,0.0,0.0
477,isn,1,4.037630718294505e-05,0.0,0.0
463,problemsbecause,1,4.037630718294505e-05,0.0,0.0
529,applettemplate,1,4.037630718294505e-05,0.0,0.0
535,statementsjava,1,4.037630718294505e-05,0.0,0.0
583,lowercase,1,4.037630718294505e-05,0.0,0.0
585,environments,1,4.037630718294505e-05,0.0,0.0
586,automaticallys,1,4.037630718294505e-05,0.0,0.0
589,symbol,1,4.037630718294505e-05,0.0,0.0
590,otherjava,1,4.037630718294505e-05,0.0,0.0
592,commentary,1,4.037630718294505e-05,0.0,0.0
594,guaranteed,1,4.037630718294505e-05,0.0,0.0
595,img,1,4.037630718294505e-05,0.0,0.0
596,valuesarguments,1,4.037630718294505e-05,0.0,0.0
601,follows,1,4.037630718294505e-05,0.0,0.0
606,archives,1,4.037630718294505e-05,0.0,0.0
610,buttonobject,1,4.037630718294505e-05,0.0,0.0
611,considered,1,4.037630718294505e-05,0.0,0.0
612,character,1,4.037630718294505e-05,0.0,0.0
614,zero,1,4.037630718294505e-05,0.0,0.0
580,broad,1,4.037630718294505e-05,0.0,0.0
575,whiledo,1,4.037630718294505e-05,0.0,0.0
574,atruntime,1,4.037630718294505e-05,0.0,0.0
572,systems,1,4.037630718294505e-05,0.0,0.0
536,burden,1,4.037630718294505e-05,0.0,0.0
540,removed,1,4.037630718294505e-05,0.0,0.0
542,single,1,4.037630718294505e-05,0.0,0.0
543,internally,1,4.037630718294505e-05,0.0,0.0
546,youmust,1,4.037630718294505e-05,0.0,0.0
550,andt,1,4.037630718294505e-05,0.0,0.0
556,notnecessary,1,4.037630718294505e-05,0.0,0.0
533,bitsfloat32,1,4.037630718294505e-05,0.0,0.0
559,intsvector,1,4.037630718294505e-05,0.0,0.0
561,after,1,4.037630718294505e-05,0.0,0.0
563,jumping,1,4.037630718294505e-05,0.0,0.0
564,togroup,1,4.037630718294505e-05,0.0,0.0
567,software,1,4.037630718294505e-05,0.0,0.0
569,javadoc,1,4.037630718294505e-05,0.0,0.0
570,codedirectly,1,4.037630718294505e-05,0.0,0.0
571,leaked,1,4.037630718294505e-05,0.0,0.0
560,typedescriptionbooleantrue,1,4.037630718294505e-05,0.0,0.0
461,stat2default,1,4.037630718294505e-05,0.0,0.0
459,arrayobject,1,4.037630718294505e-05,0.0,0.0
458,isrevisited,1,4.037630718294505e-05,0.0,0.0
344,onetwo,1,4.037630718294505e-05,0.0,0.0
347,bepreceded,1,4.037630718294505e-05,0.0,0.0
349,buttonnull,1,4.037630718294505e-05,0.0,0.0
353,typespurely,1,4.037630718294505e-05,0.0,0.0
356,paramtest,1,4.037630718294505e-05,0.0,0.0
357,plus,1,4.037630718294505e-05,0.0,0.0
358,above,1,4.037630718294505e-05,0.0,0.0
359,advantage,1,4.037630718294505e-05,0.0,0.0
360,usestringbuffer,1,4.037630718294505e-05,0.0,0.0
362,returnreturn,1,4.037630718294505e-05,0.0,0.0
363,terminated,1,4.037630718294505e-05,0.0,0.0
364,obtained,1,4.037630718294505e-05,0.0,0.0
365,calledonce,1,4.037630718294505e-05,0.0,0.0
367,corner,1,4.037630718294505e-05,0.0,0.0
369,illegal,1,4.037630718294505e-05,0.0,0.0
342,try,1,4.037630718294505e-05,0.0,0.0
341,dimensional,1,4.037630718294505e-05,0.0,0.0
340,menus,1,4.037630718294505e-05,0.0,0.0
339,forfor,1,4.037630718294505e-05,0.0,0.0
307,realobjects,1,4.037630718294505e-05,0.0,0.0
308,executionan,1,4.037630718294505e-05,0.0,0.0
311,bindjava,1,4.037630718294505e-05,0.0,0.0
312,issue,1,4.037630718294505e-05,0.0,0.0
319,terence,1,4.037630718294505e-05,0.0,0.0
320,another,1,4.037630718294505e-05,0.0,0.0
321,typesthe,1,4.037630718294505e-05,0.0,0.0
370,optionally,1,4.037630718294505e-05,0.0,0.0
322,before,1,4.037630718294505e-05,0.0,0.0
327,much,1,4.037630718294505e-05,0.0,0.0
329,lines,1,4.037630718294505e-05,0.0,0.0
330,number,1,4.037630718294505e-05,0.0,0.0
331,shallow,1,4.037630718294505e-05,0.0,0.0
332,availablefor,1,4.037630718294505e-05,0.0,0.0
334,stored,1,4.037630718294505e-05,0.0,0.0
335,convention,1,4.037630718294505e-05,0.0,0.0
326,programinstantiates,1,4.037630718294505e-05,0.0,0.0
373,objectprimitive,1,4.037630718294505e-05,0.0,0.0
379,functionthat,1,4.037630718294505e-05,0.0,0.0
380,remains,1,4.037630718294505e-05,0.0,0.0
424,user,1,4.037630718294505e-05,0.0,0.0
427,commenting,1,4.037630718294505e-05,0.0,0.0
432,implements,1,4.037630718294505e-05,0.0,0.0
433,anything,1,4.037630718294505e-05,0.0,0.0
435,descriptionidi,1,4.037630718294505e-05,0.0,0.0
438,stale,1,4.037630718294505e-05,0.0,0.0
440,something,1,4.037630718294505e-05,0.0,0.0
418,semanticsportabilityjava,1,4.037630718294505e-05,0.0,0.0
441,pronejava,1,4.037630718294505e-05,0.0,0.0
448,leading,1,4.037630718294505e-05,0.0,0.0
450,details,1,4.037630718294505e-05,0.0,0.0
451,valueof,1,4.037630718294505e-05,0.0,0.0
452,sstill,1,4.037630718294505e-05,0.0,0.0
455,blank,1,4.037630718294505e-05,0.0,0.0
456,equivalentcode,1,4.037630718294505e-05,0.0,0.0
457,amethod,1,4.037630718294505e-05,0.0,0.0
446,libraries,1,4.037630718294505e-05,0.0,0.0
620,applies,1,4.037630718294505e-05,0.0,0.0
416,think,1,4.037630718294505e-05,0.0,0.0
413,requires,1,4.037630718294505e-05,0.0,0.0
381,manager,1,4.037630718294505e-05,0.0,0.0
385,whenquitting,1,4.037630718294505e-05,0.0,0.0
387,representation,1,4.037630718294505e-05,0.0,0.0
389,vspace,1,4.037630718294505e-05,0.0,0.0
392,closing,1,4.037630718294505e-05,0.0,0.0
393,figure,1,4.037630718294505e-05,0.0,0.0
395,shift,1,4.037630718294505e-05,0.0,0.0
414,native,1,4.037630718294505e-05,0.0,0.0
398,javavariables,1,4.037630718294505e-05,0.0,0.0
403,pretend,1,4.037630718294505e-05,0.0,0.0
404,copysemantics,1,4.037630718294505e-05,0.0,0.0
405,distributed,1,4.037630718294505e-05,0.0,0.0
407,disks,1,4.037630718294505e-05,0.0,0.0
408,unnecessarily,1,4.037630718294505e-05,0.0,0.0
409,objectsin,1,4.037630718294505e-05,0.0,0.0
412,normal,1,4.037630718294505e-05,0.0,0.0
401,giant,1,4.037630718294505e-05,0.0,0.0
936,parseint,1,4.037630718294505e-05,0.0,0.0
